epoch,Training Loss,Test Loss,Test Accur.,Test False Pos.,Test False Neg.,Test Precision,Test Recall,Test F1,Training Time,Test Time
1,0.29365930847306815,0.25694019367266446,0.91,0.035,0.055,0.7083333333333334,0.6071428571428571,0.6538461538461539,0:04:11,0:00:08
2,0.2129784167946406,0.27549321261653675,0.9064285714285715,0.0545,0.039,0.6495176848874599,0.7214285714285714,0.6835871404399324,0:04:07,0:00:08
